﻿<?xml version="1.0" encoding="UTF-8" standalone="no"?>
<Price_List Username="autostumper" Password="pwautostumper" Created="01-08-2010 17:03:48">
  <car_make car_make_name="VOLVO">
    <car_model car_model_name="544">
      <car_models_to_spare_part_prices year_to="61" year_from="54" month_from="00" month_to="00">
        <Spare_Part_Price name="STAB.BOLTSÆT VOLVO" description="444/544/DUET Stabilisatorboltsæt h/v (kun 544)" spare_part_url="http://www.autostumper.dk/shop/productinfo.asp?id=M07550" spare_part_image_url="http://www.autostumper.dk/shop/productinfo.asp?id=M07550" spare_part_category_free_text="Styrtøjsdele - " supplier_part_number="Varenummer: M07550" price_inc_vat="152,00" producer_part_Number="0" />
        <Spare_Part_Price name="STYREKUGLE VOLVO" description="444/544/DUET Styrekugle h/m" spare_part_url="http://www.autostumper.dk/shop/productinfo.asp?id=M07548" spare_part_image_url="http://www.autostumper.dk/shop/productinfo.asp?id=M07548" spare_part_category_free_text="Styrtøjsdele - " supplier_part_number="Varenummer: M07548" price_inc_vat="200,00" producer_part_Number="0" />
        <Spare_Part_Price name="STYREKUGLE VOLVO" description="444/544/DUET Styrekugle v/m" spare_part_url="http://www.autostumper.dk/shop/productinfo.asp?id=M07549" spare_part_image_url="http://www.autostumper.dk/shop/productinfo.asp?id=M07549" spare_part_category_free_text="Styrtøjsdele - " supplier_part_number="Varenummer: M07549" price_inc_vat="200,00" producer_part_Number="0" />
      </car_models_to_spare_part_prices>
      <car_models_to_spare_part_prices year_to="68" year_from="62" month_from="00" month_to="00">
        <Spare_Part_Price name="STAB.BOLTSÆT VOLVO" description="544/DUET 210(-68) Stabilisatorboltsæt h/v" spare_part_url="http://www.autostumper.dk/shop/productinfo.asp?id=M07553" spare_part_image_url="http://www.autostumper.dk/shop/productinfo.asp?id=M07553" spare_part_category_free_text="Styrtøjsdele - " supplier_part_number="Varenummer: M07553" price_inc_vat="152,00" producer_part_Number="0" />
        <Spare_Part_Price name="STYREKUGLE VOLVO" description="544/DUET 210(-68) Styrekugle h/m" spare_part_url="http://www.autostumper.dk/shop/productinfo.asp?id=M07551" spare_part_image_url="http://www.autostumper.dk/shop/productinfo.asp?id=M07551" spare_part_category_free_text="Styrtøjsdele - " supplier_part_number="Varenummer: M07551" price_inc_vat="200,00" producer_part_Number="0" />
        <Spare_Part_Price name="STYREKUGLE VOLVO" description="544/DUET 210(-68) Styrekugle v/m" spare_part_url="http://www.autostumper.dk/shop/productinfo.asp?id=M07552" spare_part_image_url="http://www.autostumper.dk/shop/productinfo.asp?id=M07552" spare_part_category_free_text="Styrtøjsdele - " supplier_part_number="Varenummer: M07552" price_inc_vat="200,00" producer_part_Number="0" />
      </car_models_to_spare_part_prices>
    </car_model>
  </car_make>
</Price_List>