﻿<?xml version="1.0" encoding="UTF-8" standalone="no"?>
<Price_List Username="thansen" Password="thansen" Created="05-05-2011 09:40:57">
  <car_make car_make_name="Mercedes">
    <car_model car_model_name="SLR (R199)">
      <car_models_to_spare_part_prices year_to="2004" year_from="2004">
        <Spare_Part_Price price_inc_vat="49,00" supplier_part_number="924754041150" name="Luftfilter SLR 5,4 4/04-" description="Luftfilter SLR 5,4 4/04-" spare_part_url="http://www.thansen.dk/product.asp?c=5258313933&amp;n=-1686048536&amp;pn=-1525876788" spare_part_category_free_text="Motordele - Filtre - Luftfilter" />
      </car_models_to_spare_part_prices>
      <car_models_to_spare_part_prices year_to="2005" year_from="2005">
        <Spare_Part_Price price_inc_vat="49,00" supplier_part_number="924754041150" reference="true" />
      </car_models_to_spare_part_prices>
      <car_models_to_spare_part_prices year_to="2006" year_from="2006">
        <Spare_Part_Price price_inc_vat="49,00" supplier_part_number="924754041150" reference="true" />
      </car_models_to_spare_part_prices>
      <car_models_to_spare_part_prices year_to="2007" year_from="2007">
        <Spare_Part_Price price_inc_vat="49,00" supplier_part_number="924754041150" reference="true" />
      </car_models_to_spare_part_prices>
    </car_model>
  </car_make>
</Price_List>