﻿<?xml version="1.0" encoding="UTF-8" standalone="no"?>
<Price_List Username="thansen" Password="thansen" Created="09-05-2011 13:59:03">
  <car_make car_make_name="Nissan">
    <car_model car_model_name="Pixo">
      <car_models_to_spare_part_prices year_to="2009" year_from="2009">
        <Spare_Part_Price price_inc_vat="249,00" supplier_part_number="204610096250" name="Br.klodser Pixo 1,0 6/09-" description="Br.klodser Pixo 1,0 6/09-" spare_part_url="http://www.thansen.dk/product.asp?c=5281080025&amp;n=-1189172539&amp;pn=-1096612998" spare_part_image_url="http://media.thg.dk/DAT/pic/s/351613006250.JPG" spare_part_category_free_text="Bremsedele - Bremsedele foran - Br. Klodser, foran" />
        <Spare_Part_Price price_inc_vat="49,00" supplier_part_number="204610091100" name="Oliefilter Pixo 1,0 6/09-" description="Oliefilter Pixo 1,0 6/09-" spare_part_url="http://www.thansen.dk/product.asp?c=5281080025&amp;n=-1189173737&amp;pn=-1110961221" spare_part_image_url="http://media.thg.dk/DAT/pic/s/351010941100.JPG" spare_part_category_free_text="Motordele - Filtre - Oliefilter" />
      </car_models_to_spare_part_prices>
      <car_models_to_spare_part_prices year_to="2010" year_from="2010">
        <Spare_Part_Price price_inc_vat="249,00" supplier_part_number="204610096250" reference="true" />
        <Spare_Part_Price price_inc_vat="49,00" supplier_part_number="204610091100" reference="true" />
      </car_models_to_spare_part_prices>
    </car_model>
  </car_make>
</Price_List>