﻿<?xml version="1.0" encoding="UTF-8" standalone="no"?>
<Price_List Username="thansen" Password="thansen" Created="04-05-2011 22:46:06">
  <car_make car_make_name="Chrysler">
    <car_model car_model_name="Saratoga">
      <car_models_to_spare_part_prices year_to="1990" year_from="1990">
        <Spare_Part_Price price_inc_vat="1799,00" supplier_part_number="931630909350" name="Starter Saratoga 3,0 12V 7/90-12/95" description="Starter Saratoga 3,0 12V 7/90-12/95" spare_part_url="http://www.thansen.dk/product.asp?c=5256734605&amp;n=-1092527494&amp;pn=-1092514131" spare_part_category_free_text="Elektriske dele - Generator og startere - Starter" />
      </car_models_to_spare_part_prices>
      <car_models_to_spare_part_prices year_to="1991" year_from="1991">
        <Spare_Part_Price price_inc_vat="1799,00" supplier_part_number="931630909350" reference="true" />
      </car_models_to_spare_part_prices>
      <car_models_to_spare_part_prices year_to="1992" year_from="1992">
        <Spare_Part_Price price_inc_vat="1799,00" supplier_part_number="931630909350" reference="true" />
      </car_models_to_spare_part_prices>
      <car_models_to_spare_part_prices year_to="1993" year_from="1993">
        <Spare_Part_Price price_inc_vat="1799,00" supplier_part_number="931630909350" reference="true" />
      </car_models_to_spare_part_prices>
      <car_models_to_spare_part_prices year_to="1994" year_from="1994">
        <Spare_Part_Price price_inc_vat="1799,00" supplier_part_number="931630909350" reference="true" />
      </car_models_to_spare_part_prices>
      <car_models_to_spare_part_prices year_to="1995" year_from="1995">
        <Spare_Part_Price price_inc_vat="1799,00" supplier_part_number="931630909350" reference="true" />
      </car_models_to_spare_part_prices>
    </car_model>
  </car_make>
</Price_List>