﻿<?xml version="1.0" encoding="UTF-8" standalone="no"?>
<Price_List Username="thansen" Password="thansen" Created="08-05-2011 01:17:39">
  <car_make car_make_name="Dodge">
    <car_model car_model_name="Journey">
      <car_models_to_spare_part_prices year_to="2010" year_from="2010">
        <Spare_Part_Price price_inc_vat="69,00" supplier_part_number="181570101100" name="Oliefilter Journ 2,0CRD 6/08-" description="Oliefilter Journ 2,0CRD 6/08-" spare_part_url="http://www.thansen.dk/product.asp?c=5272538502&amp;n=-1086982437&amp;pn=-1034640374" spare_part_image_url="http://media.thg.dk/DAT/pic/s/502662981100.JPG" spare_part_category_free_text="Motordele - Filtre - Oliefilter" />
      </car_models_to_spare_part_prices>
      <car_models_to_spare_part_prices year_to="2011" year_from="2011">
        <Spare_Part_Price price_inc_vat="69,00" supplier_part_number="181570101100" reference="true" />
      </car_models_to_spare_part_prices>
    </car_model>
  </car_make>
</Price_List>