﻿<?xml version="1.0" encoding="UTF-8" standalone="no"?>
<Price_List Username="thansen" Password="thansen" Created="08-05-2011 01:17:39">
  <car_make car_make_name="Dacia">
    <car_model car_model_name="Logan">
      <car_models_to_spare_part_prices year_to="2004" year_from="2004">
        <Spare_Part_Price price_inc_vat="1299,00" supplier_part_number="911014049350" name="Starter Logan 1,4 9/04-" description="Starter Logan 1,4 9/04-" spare_part_url="http://www.thansen.dk/product.asp?c=5272400377&amp;n=-1229135501&amp;pn=-1014478236" spare_part_category_free_text="Elektriske dele - Generator og startere - Starter" />
      </car_models_to_spare_part_prices>
      <car_models_to_spare_part_prices year_to="2005" year_from="2005">
        <Spare_Part_Price price_inc_vat="1299,00" supplier_part_number="911014049350" reference="true" />
      </car_models_to_spare_part_prices>
      <car_models_to_spare_part_prices year_to="2006" year_from="2006">
        <Spare_Part_Price price_inc_vat="1299,00" supplier_part_number="911014049350" reference="true" />
      </car_models_to_spare_part_prices>
      <car_models_to_spare_part_prices year_to="2007" year_from="2007">
        <Spare_Part_Price price_inc_vat="1299,00" supplier_part_number="911014049350" reference="true" />
      </car_models_to_spare_part_prices>
      <car_models_to_spare_part_prices year_to="2008" year_from="2008">
        <Spare_Part_Price price_inc_vat="1299,00" supplier_part_number="911014049350" reference="true" />
      </car_models_to_spare_part_prices>
      <car_models_to_spare_part_prices year_to="2009" year_from="2009">
        <Spare_Part_Price price_inc_vat="1299,00" supplier_part_number="911014049350" reference="true" />
      </car_models_to_spare_part_prices>
      <car_models_to_spare_part_prices year_to="2010" year_from="2010">
        <Spare_Part_Price price_inc_vat="1299,00" supplier_part_number="911014049350" reference="true" />
      </car_models_to_spare_part_prices>
    </car_model>
  </car_make>
</Price_List>