<?xml version="1.0"?>
<Xmlhttp_Request><created_by>ExcelAndreas</created_by><server_request_uri>/xml/xmlhttp/3.xml?6</server_request_uri><request_payload></request_payload><response>&lt;?xml version=&quot;1.0&quot;?&gt;
&lt;message&gt;&lt;arguments&gt;&lt;controller&gt;xml&lt;/controller&gt;&lt;action&gt;xmlhttp&lt;/action&gt;&lt;module&gt;default&lt;/module&gt;&lt;unknownNode_6&gt;&lt;/unknownNode_6&gt;&lt;/arguments&gt;&lt;response&gt;Uknown error - XmlString was empty while calling SaveXmlContent(129)&lt;/response&gt;&lt;http_method&gt;GET&lt;/http_method&gt;&lt;is_XmlHttp&gt;false&lt;/is_XmlHttp&gt;&lt;/message&gt;
</response></Xmlhttp_Request>